name,item,quantity,pickup_date
Alice Mbeki,Seeded Sourdough,2,2025-07-22
Ben Hartley,Almond Croissant,4,2025-07-22
Clara Ndlovu,Chocolate Fudge Cake,1,2025-07-22
David Osei,Cinnamon Scroll,3,2025-07-23
Erin Walsh,Rosemary Focaccia,2,2025-07-23
Farai Dube,Lemon & Poppy Seed Loaf,1,2025-07-23
Grace Kim,Seeded Sourdough,1,2025-07-24
Hiro Tanaka,Almond Croissant,6,2025-07-24
Isla Ferguson,Cinnamon Scroll,2,2025-07-24
James Patel,Chocolate Fudge Cake,2,2025-07-25
Karen Moyo,Rosemary Focaccia,3,2025-07-25
Leo Santos,Seeded Sourdough,4,2025-07-25
Mia Johansson,Lemon & Poppy Seed Loaf,2,2025-07-26
Nadia Petrov,Almond Croissant,3,2025-07-26
Omar Hassan,Cinnamon Scroll,5,2025-07-26
